name,geometry
CCB(Central Classroom Block),"POLYGON ((-174330.4103797548 744772.1146746415, -174330.7750078403 744802.7786150926, -174247.77890240646 744802.9610241156, -174248.32612947523 744760.8245398183, -174330.2277807715 744761.736584933, -174330.4103797548 744772.1146746415), (-174320.74251157907 744790.7396195792, -174320.56010255613 744773.0459443547, -174294.46531617755 744773.0561406201, -174294.65802129984 744791.2868466479, -174320.74251157907 744790.7396195792), (-174283.3486618781 744790.7396195792, -174282.9994086259 744772.8319820534, -174257.2289465072 744773.1009723344, -174257.08176257595 744790.9220286021, -174283.3486618781 744790.7396195792))"
College Of Science(Aboagye Menyeh Buiding Complex),"POLYGON ((-174397.87270448467 744581.2360053905, -174390.8707085137 744546.0544531927, -174344.97368245976 744555.1888776071, -174342.45786196773 744542.5575941874, -174400.79762575336 744530.180047201, -174395.63823448867 744513.1540560275, -174395.12229536218 744499.6106539577, -174409.69757568493 744496.6440039804, -174413.8250886967 744510.5743603952, -174414.47001260478 744528.1162906952, -174430.74535011593 744525.8578539321, -174424.14410431194 744492.6713382121, -174478.5236755644 744481.8557438742, -174480.7389334312 744492.9963664683, -174477.6887793835 744493.6015915037, -174479.71479411595 744503.7783393812, -174482.16382291334 744503.2964008382, -174487.5962140641 744530.5763706303, -174483.75569163173 744531.3385063825, -174490.7354237045 744566.4191781728, -174440.11845124073 744576.495068561, -174439.4171384487 744572.9645839542, -174397.87270448467 744581.2360053905), (-174438.05904066106 744563.1576834609, -174432.53759391775 744535.3397192527, -174427.67293216995 744536.3035969066, -174428.24066157299 744539.1840220889, -174397.7057252485 744545.2362778288, -174402.65944258875 744570.1850279798, -174438.05904066106 744563.1576834609), (-174476.41973718844 744557.0269705569, -174470.96508213956 744529.2426330899, -174445.32820340974 744534.2749707008, -174449.14646194407 744553.75426852, -174447.2206347533 744554.1353365538, -174448.85703126795 744562.4403788085, -174476.41973718844 744557.0269705569), (-174466.2451357299 744518.2140819007, -174462.05952287605 744496.7734191094, -174436.97924160038 744501.6600513967, -174438.84940904565 744511.3100306574, -174441.06466691248 744510.8841314198, -174443.35784842278 744522.6748167683, -174466.2451357299 744518.2140819007))"
Petroleum Building,"POLYGON ((-174126.46849272572 744580.8280714366, -174118.53592865658 744545.0347945392, -174169.25376182722 744534.3997899089, -174176.35594533995 744570.0632734266, -174126.46849272572 744580.8280714366), (-174158.9511602287 744560.7064455053, -174156.37146459645 744550.0866984858, -174140.1623770404 744553.5692875893, -174142.9140523815 744564.6619788081, -174158.9511602287 744560.7064455053))"
Bush Canteen,"POLYGON ((-174217.99207899012 744839.3487740497, -174210.1256898762 744836.065411637, -174205.40585640786 744839.7591943513, -174198.22350112992 744839.9644045021, -174194.59812179915 744835.9970082534, -174187.0491255285 744838.6171842706, -174186.11610223283 744825.5996939462, -174194.94013871715 744816.1600270096, -174208.68921882063 744815.4759931735, -174218.17405515426 744825.5263099945, -174217.99207899012 744839.3487740497), (-174206.05136260687 744832.105370563, -174206.04023065782 744829.0119791247, -174203.84723668915 744826.8488468088, -174200.75255484506 744826.8600547479, -174198.5929567236 744829.0568108823, -174198.60408867264 744832.1389943841, -174200.7970826414 744834.3133348495, -174203.8806325363 744834.2909189671, -174206.05136260687 744832.105370563))"
"Ayim Complex(KNUST School Of Business,KSB)","POLYGON ((-174623.86874400402 744037.5817918435, -174623.69676429522 744047.4706251005, -174620.81610417253 744047.3846352461, -174621.20352956338 744058.1841389742, -174624.14234159957 744058.1841389742, -174623.73698821527 744067.3045901209, -174589.68730393407 744067.405928467, -174589.7817481781 744071.59876927, -174581.33259882694 744071.6660159879, -174581.27622120985 744068.1152968896, -174547.22653692865 744068.0139585434, -174547.63189031294 744058.0828006282, -174550.21601813787 744057.880123936, -174550.21601813787 744047.5436126364, -174547.32787527473 744047.5436126363, -174547.5849944118 744037.640909868, -174578.5400858658 744038.2711539706, -174578.29412116745 744029.6277303108, -174592.5254420721 744029.4987455291, -174592.5254420721 744038.7426548781, -174602.7474860149 744038.694285585, -174602.8012296739 744037.4098121347, -174623.86874400402 744037.5817918435), (-174563.15990679152 744056.0481130779, -174563.11691186432 744049.4268942884, -174557.52757132775 744049.3194069704, -174557.54906879136 744056.0266156142, -174563.15990679152 744056.0481130779), (-174578.92829634369 744055.886882101, -174578.92829634369 744049.394648093, -174573.81996155524 744049.4000224592, -174573.74472043262 744055.9782463213, -174578.92829634369 744055.886882101), (-174596.70669874267 744056.0803592734, -174596.87867845153 744049.5021354111, -174591.6440460644 744049.4591404839, -174591.74078465055 744055.9728719554, -174596.70669874267 744056.0803592734), (-174613.19780022345 744056.3600487448, -174613.40047691562 744049.6717179039, -174607.4215144972 744049.5703795578, -174607.8268678815 744056.562725437, -174613.19780022345 744056.3600487448))"
Engineering Auditorium(Kumapley Auditorium),"POLYGON ((-174232.9817069188 744492.6105423663, -174197.1561838258 744499.0597814469, -174190.19100561872 744457.558927963, -174225.65107183045 744451.1096888824, -174232.9817069188 744492.6105423663), (-174217.03505825496 744485.4351512662, -174213.2040404048 744465.0830402237, -174209.89343101007 744465.8569489135, -174213.37602011362 744486.1075596266, -174217.03505825496 744485.4351512662), (-174212.4301317151 744486.3655291898, -174209.2055121748 744465.8139539863, -174205.63693321685 744466.587862676, -174209.0765273932 744486.9244632437, -174212.4301317151 744486.3655291898))"
KNUST School Of Medicine And Dentistry(SMS),"POLYGON ((-174637.82301831967 744485.3252676806, -174579.95882271088 744500.728696284, -174576.51331894431 744486.7440045256, -174634.37751455314 744471.8472676526, -174637.82301831967 744485.3252676806))"
KNUST School Of Medicine And Dentistry(SMS),"POLYGON ((-174651.2111938499 744428.2527740423, -174604.790966189 744440.603834552, -174603.52192399403 744435.8180784712, -174583.56233929476 744441.1193961225, -174584.88704123526 744446.0844784457, -174544.79441662284 744456.241162357, -174541.14623616415 744440.4323803693, -174547.4292136208 744438.8109668321, -174543.7810331621 744425.4343051502, -174559.58981514978 744421.5834479994, -174561.9106983355 744434.0024053124, -174646.73615031998 744411.4297823001, -174651.2111938499 744428.2527740423))"
KNUST School Of Medicine And Dentistry(SMS)Lecture Block,"POLYGON ((-174637.69432996432 744460.7163364311, -174610.38765887273 744467.7100443365, -174608.77352625615 744461.4224319014, -174589.72676138152 744466.2978532453, -174591.35202594707 744472.6639213087, -174558.3737549969 744481.1703954914, -174553.9148677696 744464.1455533509, -174633.37513372157 744443.8372950632, -174637.69432996432 744460.7163364311))"
Engineering Labs,"POLYGON ((-174488.45942060687 744463.4398475776, -174344.3829068937 744490.7429502227, -174339.61046997382 744460.6250037152, -174482.53722369665 744432.763929442, -174488.45942060687 744463.4398475776))"
KNUST School Of Medicine And Dentistry(SMS)Lecture Block,"POLYGON ((-174634.78286793747 744366.7087335997, -174589.58596558802 744378.0586283602, -174587.93949689172 744372.3629582868, -174567.95022870097 744377.5519366298, -174569.77431893031 744383.6322373943, -174515.81164964545 744397.3129141144, -174512.16346918675 744381.5041321267, -174561.22281910127 744368.7988633545, -174564.68485526502 744367.8798200443, -174630.09618805503 744349.622243331, -174634.78286793747 744366.7087335997))"
Bamfo Kwakye Building,"POLYGON ((-174299.0387745721 744554.0457154314, -174248.18803117773 744563.292219698, -174246.37352347784 744553.3508266881, -174297.2242668721 744544.1043240956, -174299.0387745721 744554.0457154314))"
Herbal Medicine,"POLYGON ((-174357.20759395463 744617.1418612389, -174305.74506972526 744626.2594085045, -174300.2727990373 744597.6667941599, -174344.01207564637 744590.3836940209, -174352.58956362391 744588.5779070782, -174357.20759395463 744617.1418612389))"
Pharmacy Building(Tackie Building),"POLYGON ((-174432.27453886904 744659.1310226265, -174403.91033261493 744664.2530352738, -174362.68262278548 744671.7408450262, -174361.2637901877 744660.003229899, -174401.80639423893 744652.6864778519, -174430.18173244214 744647.5644662837, -174432.27453886904 744659.1310226265))"
Amissah Complex,"POLYGON ((-174663.17017031272 744566.5193991591, -174630.1416773944 744574.3537121415, -174627.14871253303 744562.6802051861, -174660.52280784037 744554.6069169488, -174663.17017031272 744566.5193991591))"
Amissah Complex,"POLYGON ((-174642.14678775214 744544.1690673031, -174608.77269244476 744552.9517239629, -174605.52986537036 744541.1964758183, -174639.57954965156 744532.5489369532, -174642.14678775214 744544.1690673031))"
Amissah Complex,"POLYGON ((-174653.8851461725 744613.079142635, -174623.48364235 744620.3755035524, -174620.57860976254 744609.1607265867, -174651.25034917457 744602.1346012589, -174653.8851461725 744613.079142635))"
Pharmacy Building,"POLYGON ((-174619.60239097502 744608.3896241798, -174608.13648342332 744611.5054189875, -174598.70641673467 744575.7866312788, -174609.85363480292 744573.0504959348, -174619.60239097502 744608.3896241798))"
Faculty Of Agriculture,"POLYGON ((-174437.6666952782 744822.3875850579, -174421.7912725439 744822.4026002554, -174421.93391705037 744819.5146429467, -174383.21760193314 744819.5602452024, -174383.2176019331 744804.420296299, -174410.53335311715 744804.2378872761, -174417.69290726722 744804.420296299, -174421.88831479463 744804.5115008105, -174421.9795193061 744801.5473541878, -174437.3474794881 744801.4561496763, -174437.6666952782 744822.3875850579))"
The Energy Center - KNUST (current offices)E-classroom,"POLYGON ((-174302.78801362263 744499.0712586638, -174239.88911068547 744510.7678375673, -174237.43839983476 744496.8374811526, -174300.5119580456 744486.0027594968, -174302.78801362263 744499.0712586638))"
Faculty of Social Science Office(Ebenezer Acquaye Building),"POLYGON ((-174330.26768274567 744693.7906489624, -174249.10706810508 744708.4631747445, -174246.6445462955 744697.3818266013, -174327.64627201692 744681.1914537015, -174330.26768274567 744693.7906489624))"
BT Offices,"POLYGON ((-174224.66140889103 744638.9738874309, -174196.5476182317 744644.6171665777, -174195.00854210072 744634.9722894903, -174223.01972768464 744629.1238001925, -174224.66140889103 744638.9738874309))"
Achitecture Studio1,"POLYGON ((-174150.85652935298 744625.3376989436, -174189.22835782936 744618.6129605751, -174191.10094280847 744628.5508977784, -174152.74024628106 744635.2644294879, -174150.85652935298 744625.3376989436))"
Trevallion Block,"POLYGON ((-174198.2406019757 744668.4215440705, -174160.78974945509 744675.1934790468, -174158.73300031587 744662.7741995197, -174195.98329031694 744655.8011197963, -174198.2406019757 744668.4215440705))"
Levine Building,"POLYGON ((-174266.0369055459 744581.9511167774, -174223.8662195569 744591.0829684879, -174222.01932819968 744579.4372924303, -174263.4717786609 744570.9723737099, -174266.0369055459 744581.9511167774))"
Kwami Building,"POLYGON ((-174274.3479166532 744603.8059978373, -174227.56000227126 744612.732639397, -174225.4052956879 744601.1382658769, -174271.57757961744 744591.9038090911, -174274.3479166532 744603.8059978373))"
B(Wash Room),"POLYGON ((-174227.30348958258 744662.162634471, -174216.40170032144 744664.7277613559, -174214.50350642655 744653.3899005243, -174225.742772282 744651.6642379964, -174227.30348958258 744662.162634471))"
Rabbit House,"POLYGON ((-174316.95751770202 744527.4391205915, -174299.73804935612 744530.5347553503, -174298.70617110317 744524.7304401775, -174315.60317749504 744521.3123434647, -174316.95751770202 744527.4391205915))"
The Energy Center - KNUST (Current Offices),"POLYGON ((-174303.61413764028 744484.2151919883, -174291.8587994125 744486.3334793459, -174288.7098505276 744468.5898139784, -174300.89891239043 744466.397072691, -174303.61413764028 744484.2151919883))"
Engineering Lab,"POLYGON ((-174483.54136316094 744423.8320947575, -174454.81000305573 744429.1849631947, -174452.74624654985 744417.2216246997, -174481.21963709182 744411.9654948487, -174483.54136316094 744423.8320947575))"
Achitecture Studio2,"POLYGON ((-174149.68767368564 744667.480104991, -174141.53908695944 744669.0267961209, -174132.6759587957 744624.8656895636, -174140.98696990302 744623.6344286589, -174149.68767368564 744667.480104991))"
Bt Building,"POLYGON ((-174169.90171849544 744659.6825517796, -174157.68997035542 744662.2155382074, -174153.7613017903 744640.6155686374, -174166.5356336774 744638.2556519033, -174169.90171849544 744659.6825517796))"
Chemistry Block 2,"POLYGON ((-174538.889105512 744608.6834567495, -174520.57704927644 744613.2899016785, -174517.2708603999 744600.1318337343, -174535.57178468636 744595.5253899106, -174538.889105512 744608.6834567495))"
Pharmacy Block,"POLYGON ((-174421.7664553955 744641.8828114992, -174411.1809006736 744643.493177852, -174408.08526591476 744624.9193692991, -174418.59384990792 744623.1992439121, -174421.7664553955 744641.8828114992))"
BIRD(Bureau Of Integrated Rural Development),"POLYGON ((-174357.94239271642 744614.3822599383, -174353.13339071412 744587.4609007881, -174345.21857491875 744588.8730949858, -174339.94905502544 744557.1378665592, -174351.81565493424 744554.8806328808, -174362.55101963528 744613.5977072367, -174357.94239271642 744614.3822599383))"
Bt Workshop 2,"POLYGON ((-174137.3835336708 744672.8355327123, -174117.86662624654 744676.1340255713, -174114.09549619685 744657.3125831, -174133.50961539126 744653.4346483579, -174137.3835336708 744672.8355327123))"
Ablor Building(Center for settlement studies),"POLYGON ((-174137.16366844304 744794.7273184446, -174111.30845184403 744799.6106833909, -174109.35895541144 744788.683242861, -174135.42064456278 744783.9634093925, -174137.16366844304 744794.7273184446))"
Agric & Bio Systems Eng.,"POLYGON ((-174427.92134523974 744951.0614812608, -174419.47139524086 744948.5918277986, -174420.15542907684 744945.5364766645, -174386.40975983447 744936.5984345408, -174392.292450824 744912.7484547924, -174426.08372232213 744921.4128833817, -174427.0413696925 744917.5822939001, -174435.4777870031 744919.9080089425, -174427.92134523974 744951.0614812608))"
Biotechnology Lab,"POLYGON ((-174435.29401336424 744866.8760590906, -174413.20108507757 744867.1918013154, -174413.20108507757 744855.4264193363, -174435.8654061768 744855.3352148249, -174435.29401336424 744866.8760590906))"
Biotechnology Lab,"POLYGON ((-174371.6802312327 744866.8953866531, -174360.37087181094 744866.9409889088, -174360.36017206826 744847.4953612083, -174371.8170379999 744847.605632478, -174371.6802312327 744866.8953866531))"
Evans Anfom Auditorium,"POLYGON ((-174277.904021565 744860.5755660831, -174258.6457496577 744860.508318404, -174258.69027745404 744849.9616417568, -174258.6234857595 744847.6303893825, -174254.63824798915 744851.4410904311, -174250.30791979725 744846.913080979, -174250.21886420468 744831.4461208164, -174254.86088697077 744824.1609599307, -174259.11329151902 744826.8620733157, -174259.11329151902 744814.9032030317, -174277.82609792138 744814.970450656, -174277.7815701251 744825.7973190611, -174316.67660020827 744825.9318143341, -174316.59867656464 744850.163384755, -174277.9485493613 744850.0288894236, -174277.904021565 744860.5755660831))"
Faculty Of Resource Technology,"POLYGON ((-174199.88513332373 744942.7889407569, -174165.7138430275 744943.1537588029, -174165.8354490428 744930.3851271976, -174199.88513332373 744930.8107482509, -174199.88513332373 744942.7889407569))"
Faculty Of Resource Technology,"POLYGON ((-174200.13727453802 744905.8688533552, -174166.01785806575 744905.7599091018, -174166.13946408103 744893.1128835117, -174200.55396640787 744893.5993075728, -174200.13727453802 744905.8688533552))"
J.Q. K. Owusu Complex,"POLYGON ((-174162.52168512653 744876.7112721996, -174126.16148655507 744876.5592646806, -174126.25269106653 744865.0066932281, -174162.6432911418 744864.9762917242, -174162.52168512653 744876.7112721996))"
J.Q. K. Owusu Complex,"POLYGON ((-174124.72116417187 744909.2129093797, -174112.87602938473 744909.0888737703, -174113.11924141532 744877.4713097952, -174124.91502489836 744877.9577338563, -174124.72116417187 744909.2129093797))"
Car Park,"POLYGON ((-174123.02015548706 744863.0818663453, -174102.17089985154 744863.3384107059, -174102.23930323514 744855.81403851, -174123.19353974442 744855.9508452772, -174123.02015548706 744863.0818663453))"
Faculty Of Resource Technology,"POLYGON ((-174176.05032001535 744928.4026317503, -174169.4936020076 744928.3129680724, -174169.42282649383 744908.0096203847, -174176.41517237294 744908.2528324153, -174176.05032001535 744928.4026317503))"
+2 (Food Joint),"POLYGON ((-174164.19418630132 744693.2022606088, -174155.4200838427 744694.6713425267, -174153.91520940352 744684.6844485211, -174162.19201881904 744682.9743639311, -174164.19418630132 744693.2022606088))"
JK Siaw Agyapong Building(School Of Graduate Studies),"POLYGON ((-174516.32699410056 744152.1092973219, -174518.9971515873 744167.1239151446, -174504.67413948177 744169.6898251381, -174504.98917058567 744172.997651729, -174493.3101686253 744175.1908667532, -174492.91815194552 744172.1150435734, -174479.0015688377 744174.502489289, -174475.71764385924 744159.5736936297, -174489.7662065618 744156.9973970528, -174489.15390639793 744153.4542335179, -174500.94264047308 744151.3695824285, -174501.68848106137 744154.9448711757, -174516.32699410056 744152.1092973219))"
Saarah Mensah Auditorium(KSB Auditorium),"POLYGON ((-174526.10902827323 744068.1243132557, -174497.94735095437 744068.1243132557, -174497.968848418 744021.3888273844, -174525.78656631918 744021.625299484, -174525.57870927468 744029.4993472431, -174535.20245537692 744029.6008584806, -174534.81550103208 744048.6906061594, -174526.09077893224 744048.8775976571, -174526.10902827323 744068.1243132557))"
Lab 1,"POLYGON ((-174273.47633587936 745092.2725820652, -174260.19411653106 745113.869603328, -174249.5915920729 745107.6904976761, -174262.6338174761 745085.7495302457, -174273.47633587936 745092.2725820652))"
Pharmacy Building,"POLYGON ((-174479.9716545838 744655.7763657817, -174471.89836634646 744657.4315587675, -174472.168601936 744659.1205312021, -174461.5111858737 744661.1979672963, -174461.30850918157 744659.8636790729, -174453.23522094425 744661.4175337128, -174451.2591231958 744651.3850374514, -174453.89392019375 744650.777007375, -174449.0634590309 744627.3002905343, -174446.6313387251 744627.8407617133, -174445.14504298268 744620.0714885143, -174471.8308074491 744614.8018945183, -174473.24954429414 744622.5711677175, -174470.8849828857 744623.3143155887, -174475.4789879078 744646.2167818015, -174477.94488766228 744645.6763106228, -174479.9716545838 744655.7763657817))"
"Department Of Horticultre,KNUST(Offices)","POLYGON ((-174234.82406159083 745135.2570612672, -174216.82637132774 745124.1605123718, -174220.35294577118 745117.8065980729, -174238.95866611076 745128.9031469682, -174234.82406159083 745135.2570612672))"
Center For Settlement Studies,"POLYGON ((-174149.02999510086 744775.4449354934, -174154.3399348117 744774.3689743426, -174157.6906514845 744790.6540969439, -174140.80741102123 744794.4804296211, -174137.62665368387 744777.8071048687, -174143.08553429248 744776.5769363104, -174145.47594195188 744787.451981956, -174151.1192210988 744786.272023589, -174149.02999510086 744775.4449354934))"
KNUST School Of Medicine And Dentistry(SMS),"POLYGON ((-174560.6147890248 744368.7988633544, -174557.36037153617 744356.5748989924, -174538.91679255053 744361.2364629118, -174534.86325870754 744344.6169741555, -174565.46743922218 744336.5099064696, -174569.72364975733 744351.1026283044, -174560.80587530273 744353.7374253023, -174564.07682518856 744367.8798200442, -174560.6147890248 744368.7988633544))"
KNUST Central Lab,"POLYGON ((-174353.59288468875 744136.7058749343, -174323.74430254928 744143.4037724222, -174321.1646139453 744131.3912416736, -174344.26975685 744125.9865298831, -174343.05369669714 744121.1222892716, -174319.67831820287 744126.572040327, -174317.33627642697 744113.9160068841, -174347.10723054007 744107.2051564108, -174349.3141545212 744116.0103327029, -174351.746274827 744115.4473418915, -174354.42611108982 744127.1350311385, -174351.70123556207 744127.6529826851, -174353.59288468875 744136.7058749343))"
Agric Greenhouse,"POLYGON ((-174249.20397289895 745097.9544160765, -174245.93321788724 745103.4950950389, -174243.27567965348 745108.0781168495, -174240.84121809588 745112.4418386142, -174239.44509017182 745116.8337499505, -174223.56835605824 745108.2197796667, -174226.61357161973 745104.0982462462, -174229.23018488736 745100.4169378862, -174231.80541454442 745095.6792612569, -174235.4320916672 745089.47239651, -174249.20397289895 745097.9544160765))"
Agric Greenhouse 2,"POLYGON ((-174223.111882244 745089.5674012107, -174220.8013679535 745087.9865230119, -174216.11953636486 745084.885569622, -174210.28244763098 745080.8117681098, -174224.51035141983 745060.92918461, -174230.04342511547 745064.5773650687, -174237.58796741648 745069.6963373831, -174223.111882244 745089.5674012107))"
Washroom,"POLYGON ((-174302.41465218092 745109.7519608286, -174292.0808878983 745127.54492647, -174284.5926529109 745122.8202401153, -174295.03423991177 745105.5243905283, -174302.41465218092 745109.7519608286))"
Renewable Natural Resource New Block,"POLYGON ((-174204.26294987416 745037.945647721, -174196.35855888037 745036.7903905757, -174196.7841799339 745033.993452224, -174168.51078137915 745029.0076055971, -174168.08516032566 745031.9869529717, -174157.62704301078 745030.22366575, -174159.20792120954 745021.8936537027, -174157.931058049 745021.5896386645, -174159.51193624776 745010.5234912732, -174161.0320114389 745010.5842942809, -174162.49128362237 745002.0718732106, -174173.55743101367 745003.7743574247, -174172.9494009372 745007.0577198374, -174200.55396640784 745011.6787484185, -174200.9187844537 745008.7602040515, -174209.24879650102 745010.4626882656, -174204.26294987416 745037.945647721))"
,"POLYGON ((-174149.46072410533 744950.2268050734, -174137.2299402926 744949.774442937, -174137.3297834257 744940.5764136339, -174149.56056723846 744941.003644469, -174149.46072410533 744950.2268050734))"
,"POLYGON ((-174156.53595324638 744729.6940766993, -174147.64991439474 744731.0008954112, -174144.5268450045 744710.3442677939, -174152.6839484987 744708.5999815122, -174156.53595324638 744729.6940766993))"
Bt Workshop 1,"POLYGON ((-174140.51612506545 744693.6063721274, -174118.61906346626 744697.1338643362, -174117.93502963026 744695.286972979, -174113.96763338152 744695.9026034314, -174111.77872510633 744682.2903300951, -174138.66125486087 744678.4597406136, -174140.51612506545 744693.6063721274))"
N Block,"POLYGON ((-174297.798795993 744676.2046574339, -174261.59068561194 744683.3591329635, -174260.46202978247 744672.773709352, -174296.80036466135 744668.7658510017, -174297.798795993 744676.2046574339))"
N Block,"POLYGON ((-174291.7083648699 744668.0119179736, -174279.78959084832 744669.9093161137, -174279.39021831562 744667.7480414166, -174278.2669830675 744667.8234347181, -174278.16713993435 744666.2653064971, -174276.345002754 744666.692535199, -174275.9206694381 744663.2998367822, -174277.85513014323 744662.696690419, -174277.13126742782 744657.7584298195, -174246.47942554613 744662.583600477, -174244.7761813041 744654.2250199654, -174288.3636199089 744647.555205765, -174291.7083648699 744668.0119179736))"
Icycup,"POLYGON ((-174381.00589253014 744795.6418620707, -174359.80084361436 744795.5050553035, -174359.66409738048 744788.12614553, -174352.18526690698 744788.2086943862, -174352.3676759299 744768.3261108866, -174380.54986997283 744767.7788838178, -174381.00589253014 744795.6418620707))"
Electricity Grid,"POLYGON ((-174517.61975437507 744917.3450410445, -174498.84924534 744915.6361184712, -174500.56360650604 744886.375150222, -174519.89896293732 744887.7128163902, -174517.61975437507 744917.3450410445), (-174514.122677211 744904.0080224392, -174514.2442832263 744901.8799171717, -174502.93492380422 744901.0894780722, -174502.8133177889 744903.0959773245, -174514.122677211 744904.0080224392))"
Electricity Grid,"POLYGON ((-174530.45466216616 744880.288869625, -174533.7994071271 744880.288869625, -174532.65121109577 744886.5214070388, -174516.77615292245 744884.611435821, -174518.57332931933 744874.8605311644, -174531.40317193113 744876.3181405129, -174530.45466216616 744880.288869625))"
SMS Old Bush Canteen,"POLYGON ((-174673.9952413679 744451.1120986658, -174664.6099868505 744451.0115746593, -174663.6115555188 744430.9067772198, -174673.89539823486 744429.7004896066, -174673.9952413679 744451.1120986658))"
SMS,"POLYGON ((-174644.64136021744 744459.8576878653, -174638.4510859612 744461.6671202887, -174634.65704690092 744444.7790866647, -174641.14685055657 744444.0754187114, -174644.64136021744 744459.8576878653))"
SMS,"POLYGON ((-174558.97595196165 744363.7568071352, -174522.58312992283 744373.5076210473, -174516.94199289908 744358.9819246662, -174532.51752167285 744355.1620189906, -174536.2616391666 744366.2196414138, -174558.05646538173 744360.1637785067, -174558.97595196165 744363.7568071352), (-174532.91689420555 744367.2248799271, -174532.01830600706 744363.7568071365, -174523.4317965548 744365.817546015, -174524.43022788648 744369.6374524317, -174532.91689420555 744367.2248799271))"
Faculty of Arts,"POLYGON ((-174315.42971960976 743983.9897059192, -174271.11739549314 743993.0784132427, -174269.5180950629 743986.2521309184, -174314.10347047247 743976.6563283365, -174315.42971960976 743983.9897059192))"
,"POLYGON ((-174249.84865013912 743794.0142688353, -174227.6291011739 743794.9211892012, -174227.438940452 743787.1831105951, -174249.58535067804 743786.4078399597, -174249.84865013912 743794.0142688353))"
,"POLYGON ((-174213.44018577147 743799.441163283, -174200.26789884374 743799.6971488702, -174199.98265776093 743792.8001657648, -174213.29390829307 743792.5661217993, -174213.44018577147 743799.441163283))"
,"POLYGON ((-174197.44474351133 743750.9574930759, -174191.56438888062 743751.0452595628, -174191.53513338495 743745.3696934019, -174189.89682562713 743745.4282043932, -174189.39948220068 743752.1862238941, -174183.22657261323 743751.7181359633, -174186.64946560704 743689.7769377452, -174192.29577627243 743689.7184267538, -174192.61758672487 743696.6227237332, -174191.59364437623 743696.6812347246, -174191.30108941952 743707.1400744284, -174192.12024329844 743707.2278409154, -174192.0178490636 743708.9685429082, -174199.5657669479 743709.1440758823, -174199.30246748676 743718.2132795417, -174201.35035218403 743718.2132795417, -174201.16019146208 743722.3821876752, -174198.81975180807 743722.1773992055, -174198.55645234697 743732.9726771096, -174201.51125741017 743733.2213488228, -174201.5697684015 743736.5857308254, -174197.91283144214 743736.4101978514, -174197.88357594644 743737.9314836265, -174199.98997163505 743737.8437171394, -174199.83638028274 743742.1442750037, -174197.62027648534 743742.1808443733, -174197.44474351133 743750.9574930759))"
,"POLYGON ((-174176.68796932945 743654.4289850955, -174172.16799524752 743654.6703429348, -174171.9266374082 743650.8305591274, -174171.66333794713 743647.0566001852, -174176.38078662482 743646.8591255894, -174176.68796932945 743654.4289850955))"
,"POLYGON ((-174208.4155543895 743735.3350583855, -174203.79318607284 743731.7073769218, -174206.13362572686 743726.3243657176, -174212.3943018013 743729.1914042938, -174208.4155543895 743735.3350583855))"
,"POLYGON ((-174208.47406538084 743726.5584096828, -174204.49531796903 743726.3828767088, -174205.665537796 743716.90409611, -174209.58577421648 743717.1966510668, -174208.47406538084 743726.5584096828))"
,"POLYGON ((-174254.98298963023 743761.4675298969, -174252.52552799354 743761.4382744012, -174252.10132330624 743755.4847810313, -174254.64655142996 743755.4408977878, -174254.98298963023 743761.4675298969))"
Engineering Lab,"POLYGON ((-174335.28702239998 744447.68580619, -174328.19759755058 744448.8445524557, -174325.6639904614 744434.1831234834, -174332.9355075251 744432.9255218626, -174335.28702239998 744447.68580619))"
Green House,"POLYGON ((-174422.1820263838 744883.4874500806, -174412.362440648 744883.2901961573, -174412.28103613513 744872.842841964, -174422.15674044588 744872.9279252078, -174422.1820263838 744883.4874500806))"
New Architecture building,"POLYGON ((-174128.86278747473 744759.4440088107, -174129.56102747106 744762.9362822159, -174132.09679593876 744762.7185433113, -174132.3328778713 744764.8771709873, -174132.34918319318 744765.6840989823, -174132.14017247834 744767.053305854, -174131.93154190452 744768.2911612757, -174131.66780424298 744769.247385255, -174131.12440375544 744770.2215536981, -174130.66572758852 744770.9051184478, -174130.11363133523 744771.6634678408, -174129.63655896627 744772.2625376817, -174128.98218395436 744772.9361461456, -174127.8985599184 744773.7867599052, -174127.1792144313 744774.3663545141, -174125.95589470197 744775.1790292107, -174123.2694804113 744775.9217363298, -174121.94647734048 744769.3126966878, -174117.32177035854 744769.9371304865, -174115.56955717262 744769.9319910526, -174113.69854831742 744772.3283790655, -174112.7862468676 744771.9504099995, -174111.79824254452 744771.9662766473, -174111.2385367197 744772.1335168182, -174110.4360146889 744772.468926651, -174110.3606920001 744772.7314108966, -174109.68903413543 744772.9358519815, -174108.85189246418 744772.3516920955, -174109.1338908752 744771.5268744162, -174107.6089493929 744770.2839341055, -174110.77272950707 744765.6208152557, -174109.08018598997 744764.3210895768, -174107.90554874216 744757.9751916842, -174107.50567288982 744757.6644020195, -174107.01305592395 744757.1938407904, -174106.52092781191 744756.554399143, -174106.14974608785 744755.9903708663, -174105.68604052384 744755.1915130746, -174105.2882015692 744754.1770550265, -174105.15902124494 744753.7263245204, -174104.80800096973 744752.6369452345, -174104.53257495046 744751.1912593853, -174104.25812663272 744749.4078127793, -174104.09519576706 744747.7372812257, -174104.07878217698 744746.9678825464, -174104.0637808059 744745.7106072055, -174104.2352393083 744744.4351141782, -174104.64880776018 744743.2353899218, -174104.70587005865 744742.8414997371, -174100.6248075649 744723.0891254387, -174109.39205730837 744720.9756721314, -174110.01519072487 744724.6553691255, -174113.37146736306 744724.3274496315, -174112.74149046937 744723.0120771218, -174112.81909411142 744721.9614849223, -174113.898182154 744722.6777061671, -174112.98157906785 744717.345860412, -174115.03421174805 744716.6012951692, -174119.9218368964 744715.3021053558, -174120.77984517117 744715.1169753675, -174122.15924569944 744715.1210208783, -174122.82954511288 744715.3856916531, -174123.72211912068 744716.1388948879, -174124.1662338451 744717.2660756728, -174123.93983189395 744718.2036436214, -174123.22725503694 744719.6651956377, -174122.29077430582 744721.2011495644, -174121.72927686016 744721.9876176664, -174123.74780418628 744733.0271470825, -174125.4945854561 744734.908734494, -174127.42646901537 744737.2412162926, -174128.42849720397 744738.8203852611, -174129.6529087555 744740.8505579863, -174130.873084449 744744.3443608866, -174131.31589607068 744745.921890005, -174131.27405316586 744747.4979978008, -174131.27144642588 744748.3986933246, -174131.19319129857 744749.6744600016, -174131.15232589707 744750.9128070612, -174130.96179292563 744752.3383617147, -174130.91200610946 744752.6337589533, -174130.84580018622 744752.9666373392, -174130.74177006277 744753.4870513082, -174130.68507449405 744753.7542813127, -174130.5527848308 744754.3778179926, -174130.30763351865 744755.3528608981, -174128.86057960015 744759.4017818674, -174128.86278747473 744759.4440088107))"
Shed,"POLYGON ((-174184.9560846461 744540.4385334094, -174181.15821270604 744540.6479314348, -174180.3353431785 744534.8014866184, -174184.35101018698 744535.0337860085, -174184.9560846461 744540.4385334094))"
,"POLYGON ((-174204.06379940783 743757.3863882502, -174199.3829200998 743756.7427673454, -174201.02122785762 743744.2214151964, -174201.54782677977 743744.2214151964, -174202.42549165 743739.0724479576, -174206.87232699263 743739.6575578711, -174206.6967940186 743745.5671679975, -174205.46806320024 743749.5459154092, -174204.06379940783 743757.3863882502))"
,"POLYGON ((-174229.9110298367 743767.4356510144, -174223.82588673627 743767.4356510144, -174224.41099664976 743758.0153814071, -174224.7035516065 743758.0153814071, -174224.76206259787 743756.6111176147, -174224.41099664976 743756.5526066234, -174224.35248565843 743754.2706779607, -174248.98561301682 743755.2068538223, -174248.92710202548 743761.9941288189, -174230.1450738021 743761.6430628708, -174229.9110298367 743767.4356510144))"
,"POLYGON ((-174227.62910117404 743768.020760928, -174227.89240063512 743770.4782225648, -174221.9242795174 743770.9170549999, -174221.9242795174 743768.3718268762, -174227.62910117404 743768.020760928))"
,"POLYGON ((-174228.30197757456 743773.608560602, -174215.86839191266 743774.5154809679, -174215.75136992996 743771.9409973485, -174228.00942261782 743770.8000330172, -174228.30197757456 743773.608560602))"
"Water Research Center, KNUST","POLYGON ((-174317.32157499765 743772.4627203549, -174303.7275213406 743773.7499621647, -174303.55198836653 743772.4237130274, -174302.88886379788 743771.3510115193, -174302.069709919 743768.757024236, -174301.62112565196 743765.1878537637, -174301.66013297948 743763.0424507477, -174301.93318427244 743760.9750623868, -174302.17698006963 743760.7507702535, -174302.15747640585 743758.985688681, -174315.81004105447 743757.43514741, -174314.93237618418 743748.1904107765, -174314.15222963286 743745.3623795278, -174311.9288119615 743745.8304674586, -174310.4660371777 743746.0840150878, -174308.51567079936 743746.0450077602, -174308.47666347178 743748.8730390088, -174306.85785937772 743748.6389950435, -174303.85429515503 743747.8003375008, -174301.8844251129 743746.8446579754, -174299.7195184329 743745.3623795278, -174297.26205679605 743743.255983839, -174295.38970507283 743739.6673097028, -174294.59005485775 743737.9119799624, -174294.04395227178 743735.0059340586, -174294.12196692693 743732.080384491, -174294.08295959936 743731.0661939742, -174294.59005485766 743728.6672433289, -174295.44821606416 743726.3658110024, -174296.1113406328 743725.1565838478, -174297.94468502846 743722.4650782457, -174299.73902209656 743720.7877631603, -174302.39152037117 743719.0324334197, -174305.0050113182 743718.0572502306, -174305.2390552836 743717.9402282479, -174306.25324580036 743720.4366972122, -174308.43765614412 743719.9296019538, -174310.54405183275 743719.8515872987, -174313.3525794176 743720.2806679019, -174314.44478458952 743720.9437924705, -174315.96607036464 743721.450887729, -174317.91643674302 743722.8941588489, -174319.2426858803 743724.3764372965, -174320.1008470868 743725.3126131581, -174320.29588372464 743725.5466571235, -174324.07959449867 743722.8941588489, -174325.28882165314 743722.3090489353, -174325.79591691153 743722.3480562629, -174327.2781953591 743724.4544519515, -174327.55124665206 743726.7558842781, -174327.78529061747 743728.4331993634, -174327.7462832899 743729.8374631559, -174327.90231260017 743731.358748931, -174327.23918803153 743732.4119467754, -174327.2781953591 743734.6743717742, -174327.35621001423 743736.8977894456, -174327.66826863476 743739.7843316856, -174327.20018070395 743740.0963903061, -174326.02996087694 743739.7843316856, -174324.15760915368 743738.8091484964, -174322.75334536127 743738.575104531, -174321.85617682722 743741.1885954781, -174320.3348910521 743743.0219398737, -174318.50154665642 743744.8162769418, -174317.17529751913 743745.3623795278, -174316.86323889857 743745.5574161656, -174317.48735613967 743747.1957239234, -174323.14341863696 743747.0006872856, -174331.8420526845 743746.0255040964, -174331.9590746672 743747.1567165956, -174332.44666626176 743747.2542349147, -174333.32433113205 743748.8730390087, -174333.67539708017 743750.6868797406, -174333.79241906287 743752.4032021534, -174333.7534117353 743754.0025025837, -174333.55837509746 743754.7436418075, -174333.0512798391 743754.7046344798, -174333.07078350277 743756.9280521512, -174326.2542530103 743757.8739798449, -174326.22499751463 743760.1851640033, -174328.68245915137 743759.9511200378, -174329.56012402163 743767.0309499913, -174326.78085193245 743767.5575489135, -174326.9856404022 743769.9564995589, -174334.32876981678 743769.1373456799, -174334.41653630388 743770.7756534378, -174335.29420117414 743771.6533183081, -174335.70377811362 743773.7012030054, -174335.99633307036 743775.6320657199, -174336.34739901847 743777.5629284346, -174335.82080009632 743778.791659253, -174335.3527121655 743779.2597471838, -174335.62576345846 743780.4299670105, -174330.24275225415 743780.8590476137, -174318.6185686389 743782.4193407164, -174317.37033415673 743772.1214062386, -174317.32157499765 743772.4627203549))"
,"POLYGON ((-174350.13648931345 743803.249253637, -174346.9378884529 743803.1712389819, -174346.9378884529 743803.6393269127, -174346.9378884529 743807.1499863937, -174337.18605656104 743807.7741036349, -174336.8739979405 743800.362711397, -174349.90244534804 743799.19249157, -174350.13648931345 743803.249253637))"
,"POLYGON ((-174348.58594804228 743877.6362273087, -174353.30583467794 743877.597219981, -174354.0859812293 743877.870271274, -174357.32358941738 743877.7142419637, -174357.75267002062 743880.1326962729, -174357.59664071037 743882.9412238578, -174348.46892605958 743883.019238513, -174348.58594804228 743877.6362273087))"
,"POLYGON ((-174384.51169673196 743903.3225525105, -174381.05954824222 743887.407562863, -174380.1233723806 743887.3295482078, -174377.82194005413 743877.0706210575, -174378.7971232433 743877.0706210575, -174378.9531525536 743876.3684891614, -174390.85038746166 743874.2230861451, -174398.30078702708 743908.2764831117, -174385.83794586925 743909.8172725505, -174385.09680664548 743906.2285984143, -174383.18544759467 743906.4431387159, -174382.61984134495 743903.7711367776, -174384.51169673196 743903.3225525105))"
,"POLYGON ((-174258.10845174908 744018.3259060081, -174250.07294227017 744019.6521551454, -174250.6190448561 744023.3968585918, -174239.69699313722 744025.6592835907, -174239.77500779237 744027.6096499691, -174232.98773279562 744028.7018551411, -174232.2856008994 744027.2975913486, -174220.03730004322 744029.6380310027, -174217.7748750443 744017.4677448017, -174218.92071529137 744017.2678322474, -174218.59890483905 744014.9566480892, -174255.8118953391 744006.9991532651, -174254.29060956393 743999.0416584412, -174240.9501035356 744001.9672080089, -174239.86765019567 743999.421979885, -174238.33173667267 743999.6852793461, -174237.05400294135 743992.7893910148, -174238.50909864428 743992.7261259842, -174238.00297839977 743989.6894045173, -174264.44776117484 743984.6282020722, -174268.5599881614 744003.9873014244, -174305.47513349447 743996.6169253639, -174306.13941631536 743999.4005867087, -174307.08839177378 743999.0842615558, -174309.80878808795 744011.5474725765, -174297.97822737283 744014.1413388295, -174298.10475743396 744014.9005191963, -174290.7027488582 744016.6719400521, -174290.57621879707 744015.8494946548, -174279.50483844872 744017.7474455716, -174278.93545317368 744013.635218585, -174271.28038447566 744015.9127596853, -174272.48242005633 744023.8841535362, -174259.57635382167 744026.5412848197, -174258.10845174908 744018.3259060081))"
KNUST School Of Business(KSB Graduate Students Center),"POLYGON ((-174521.3979259729 743984.6589464654, -174527.95113901907 743944.7316381118, -174524.50563525254 743943.3129012667, -174507.07543972763 743977.4301444453, -174501.5356101422 743973.5117283971, -174499.77907881024 743977.2950266505, -174488.5643018446 743962.4996281236, -174490.25327427918 743960.8782145864, -174488.5643018446 743955.2032672062, -174517.14171543776 743937.0299238102, -174516.26344977177 743933.9222145305, -174503.69749485847 743935.2058335808, -174502.14364021865 743939.1918085264, -174503.35970037157 743940.0025152949, -174500.792462271 743943.177783472, -174497.5496351966 743945.6099037778, -174494.37436701957 743946.8935228281, -174491.4693344321 743947.4339940072, -174490.5910687661 743947.2988762123, -174490.32083317658 743945.1369914961, -174487.2806827943 743945.2721092908, -174484.24053241208 743943.6506957536, -174483.29470784872 743943.1102245746, -174482.68667777226 743942.9751067798, -174481.53817651674 743944.9343148039, -174478.56558503187 743943.0426656773, -174480.65991085075 743940.4078686793, -174479.64652739008 743938.3811017583, -174478.70070282673 743935.138274684, -174477.82243716074 743931.62521202, -174478.16023164766 743928.9228561247, -174479.37629180055 743926.0853824345, -174480.78658378345 743923.8306042346, -174480.95548102693 743923.5265891963, -174479.0300524515 743920.8917921984, -174481.56351110336 743918.6961280335, -174482.88090960233 743920.722894955, -174486.96822289404 743918.6961280335, -174490.2786088658 743918.3921129951, -174490.4137266606 743916.7031405607, -174495.6833206565 743917.648965124, -174499.66929560213 743919.945967635, -174500.68267906288 743921.0269099931, -174502.2365337027 743919.8784087376, -174505.34424298233 743922.7158824278, -174506.62786203262 743925.3506794256, -174503.0472404713 743927.8503586289, -174516.5927993966 743929.2859851982, -174517.06571167833 743927.022762136, -174487.47491462438 743909.5250077136, -174489.75502741104 743902.8704563213, -174488.5896364312 743901.8317382741, -174488.2096176334 743901.5783924089, -174492.28848606293 743894.9153961544, -174495.53131313733 743890.887196898, -174499.78752367248 743886.9603359875, -174501.4596063827 743889.569798399, -174506.3491815808 743886.6309863627, -174509.00931316527 743890.8618623114, -174526.84486207445 743921.8967307968, -174528.16226057342 743921.4913774125, -174520.25786957957 743879.7399788296, -174525.6288019215 743879.2332870992, -174525.83147861366 743879.030610407, -174539.20814029555 743879.1319487531, -174539.81617037198 743878.6252570228, -174552.99015536174 743883.2868209422, -174552.7874786696 743883.6921743265, -174562.81997493102 743889.9751517832, -174562.71863658493 743890.9885352439, -174567.58287719655 743895.2447457791, -174564.0360350839 743899.196941276, -174544.2750575993 743918.5525653763, -174547.5178846737 743925.3422345633, -174581.3648922628 743916.8298134931, -174581.97292233925 743930.2064751749, -174579.33812534128 743937.7055127844, -174579.33812534128 743938.7188962452, -174581.56756895492 743939.9349563981, -174581.7702456471 743944.5965203176, -174579.94615541774 743946.0152571626, -174547.51788467378 743938.8709037642, -174544.5790726376 743944.2925052792, -174566.8735087741 743968.512369991, -174560.80587530285 743973.921304213, -174557.56304822848 743975.1373643657, -174558.9817850735 743978.5828681323, -174549.35464219638 743982.7377403214, -174541.2475745104 743985.0685222811, -174536.3833338988 743985.9805673958, -174535.8766421684 743983.7511237821, -174526.14816094522 743984.1564771665, -174526.14816094522 743984.6631688968, -174521.89195041006 743983.9538004743, -174521.3979259729 743984.6589464654))"
Faculty of Arts,"POLYGON ((-174518.6491233355 743833.1623415146, -174503.6510481164 743833.7703715911, -174503.2456947321 743796.0725068512, -174502.23231127133 743796.2751835433, -174499.80019096556 743805.1929579979, -174491.49044658738 743802.1528076157, -174488.04494282085 743806.611694843, -174479.3298450584 743799.7206873099, -174474.4656044468 743793.4377098533, -174474.66828113896 743791.4109429318, -174478.5191382898 743789.7895293946, -174474.66828113896 743781.0744316321, -174484.19408567 743778.8449880185, -174484.5994390543 743777.0208977892, -174441.22662693422 743777.2235744812, -174441.83465701065 743761.8201458779, -174458.04879238264 743761.0094391092, -174458.6568224591 743745.2006571216, -174494.93595035395 743744.389950353, -174494.93595035395 743728.3784916732, -174511.55543911023 743728.175814981, -174511.55543911023 743749.862221041, -174519.0544767198 743748.8488375803, -174521.8919504099 743739.7283864336, -174543.7810331621 743717.4339502971, -174563.44067230064 743736.0802059749, -174548.23992038937 743752.6996947312, -174552.6988076167 743756.9559052662, -174552.90148430882 743768.5084767188, -174550.46936400302 743768.3058000266, -174550.67204069518 743783.5065519379, -174531.82310832525 743784.9252887829, -174531.62043163308 743821.0017399857, -174519.0544767198 743821.6097700621, -174518.6491233355 743833.1623415146))"
Center for Cedres and Rehabilitaion studies,"POLYGON ((-174408.39300280577 744173.2538309423, -174409.1628262776 744183.1357435267, -174382.97891561018 744186.8763021935, -174381.56008301242 744178.040844653, -174387.74329098102 744177.1057049863, -174387.62236774826 744176.202811515, -174371.2574235811 744178.959861222, -174367.96831164998 744177.121828084, -174366.130278512 744171.5754824746, -174366.47344966792 744165.2711004018, -174369.74185239716 744162.4981784687, -174385.9972283232 744160.7892143751, -174385.79455163106 744159.6744925682, -174379.30889748226 744160.4851993369, -174378.3112788255 744151.4216103478, -174405.35285242353 744147.3112143471, -174406.06222084604 744157.951740685, -174400.0532760761 744158.822112193, -174400.1983839554 744160.8052532104, -174403.680973059 744160.5392220983, -174405.15017573137 744171.1257256747, -174402.00868700305 744171.6324174051, -174402.00868700305 744174.0645377109, -174408.39300280577 744173.2538309423))"
KNUST School Of Medicine And Dentistry(SMS)Lecture Block,"POLYGON ((-174645.47406344835 744397.1609065953, -174595.6662663525 744409.8281998547, -174594.8555595839 744403.9505757823, -174575.19592044535 744409.4228464704, -174576.81733398253 744414.4897637741, -174540.33552939555 744424.4209216895, -174536.4846722447 744408.6121397018, -174641.06584539407 744380.541417839, -174645.47406344835 744397.1609065953))"
,"POLYGON ((-174696.95394325437 744518.5135760213, -174675.19997829694 744524.0534056068, -174671.95715122254 744510.5416261301, -174678.44280537133 744508.5148592086, -174675.06486050217 744494.5977263476, -174668.4440885586 744495.9489042953, -174665.74173266327 744486.6257764564, -174685.33381290443 744481.4913002553, -174686.54987305735 744486.0853052774, -174690.19805351604 744485.2745985087, -174692.90040941138 744498.2459068063, -174691.41411366893 744498.5161423959, -174696.95394325437 744518.5135760213))"
,"POLYGON ((-174674.27104345785 744520.8105785324, -174663.02248704355 744523.6818316712, -174660.64103591078 744515.8449995747, -174672.14293819029 744512.9061875385, -174674.27104345785 744520.8105785324))"
F A Kuffor Building,"POLYGON ((-174598.95976259996 744650.472992337, -174587.74498563434 744652.4997592585, -174581.3944492803 744616.0179546715, -174579.23256456404 744616.1530724663, -174578.01650441115 744609.5323005227, -174589.23128137676 744608.0460047802, -174589.5015169663 744612.5048920076, -174591.9336372721 744612.3697742128, -174598.95976259996 744650.472992337))"
Physics Block,"POLYGON ((-174577.07067984785 744649.5271677737, -174523.29379753082 744660.4717091497, -174521.94261958313 744647.2301652626, -174549.77688530507 744641.5552178824, -174537.61628377606 744571.8344357829, -174549.236414126 744572.1046713723, -174554.37089032712 744594.8044608932, -174564.0993715503 744591.8318694083, -174566.53149185612 744604.5329421164, -174555.7220682748 744603.1817641687, -174561.53213344968 744632.5023256331, -174557.61371740143 744632.3672078383, -174557.883952991 744633.4481501965, -174559.64048432294 744639.7986865505, -174575.1790307211 744636.9612128604, -174577.07067984785 744649.5271677737))"
Obesse Jeckty,"POLYGON ((-174600.58117613732 744715.5322105169, -174587.40719114756 744718.3021253096, -174586.8667199685 744716.7482706698, -174579.9757124354 744717.6940952331, -174578.96232897465 744710.8030877, -174567.3421986247 744712.4920601347, -174565.8559028823 744699.5883107344, -174566.53149185612 744699.5207518371, -174566.2612562666 744695.6698946862, -174574.43588284997 744694.926746815, -174574.2332061578 744692.291949817, -174572.54423372322 744692.291949817, -174569.97699562265 744678.7801703403, -174583.69145179147 744676.7534034188, -174583.75901068887 744678.2396991613, -174586.25868989204 744677.7667868796, -174587.33963225016 744686.6170024368, -174590.58245932456 744686.2792079499, -174590.17710594027 744684.3875588232, -174604.83738667244 744681.8203207226, -174607.13438918348 744694.7916290202, -174606.05344682536 744695.8050124809, -174606.45880020966 744698.2371327868, -174598.08149693412 744699.9261052214, -174600.58117613732 744715.5322105169))"
Casely Hayford/ Destiny Hall,"POLYGON ((-174579.68858712184 744833.9426899616, -174549.20601262237 744833.4562659004, -174549.16547728394 744837.3476583897, -174536.7616637243 744837.1855170358, -174536.27523966314 744833.3751952233, -174506.27908922482 744832.8887711621, -174506.1169478711 744820.8903109868, -174512.19724863564 744820.80924031, -174512.4404606662 744818.6203320348, -174504.65767568763 744819.3499681265, -174504.57660501075 744806.8650838899, -174510.65690577528 744806.5408011825, -174512.6836726968 744806.7840132131, -174512.52153134308 744804.7572462916, -174506.44123057855 744804.5951049379, -174506.6641749398 744792.6371801012, -174536.74139605515 744793.0425334856, -174536.90353740889 744788.4215049045, -174550.03698706033 744788.9889996424, -174549.95591638348 744793.366816193, -174580.1142081757 744793.6910989004, -174579.78992546827 744805.6895590757, -174574.114978088 744805.2031350146, -174574.114978088 744807.4731139668, -174581.41133900548 744807.310972613, -174581.57348035922 744819.4715741421, -174578.81707734594 744819.9579982033, -174579.68858712184 744833.9426899616))"
,"POLYGON ((-174268.08330677295 745154.5620161947, -174279.45346920268 745161.371953051, -174268.87374587235 745177.849568123, -174266.62403458945 745177.3631440618, -174265.52958045184 745177.9711741382, -174262.0030060084 745176.0862809012, -174262.97585413072 745174.3837966871, -174257.74679547318 745170.6140102131, -174268.08330677295 745154.5620161947))"
Lab 1,"POLYGON ((-174258.11161351905 745148.0560943766, -174244.9781638676 745170.3099951749, -174245.34298191348 745170.6140102131, -174247.28867815813 745171.5260553278, -174252.7001458386 745175.1134327789, -174248.0183142499 745182.5922027193, -174234.09442549903 745174.3837966871, -174244.55254281408 745157.1765455235, -174243.3364826612 745156.6293184547, -174238.53304505718 745164.2296944103, -174227.16288262745 745157.237348531, -174234.1552285067 745146.4144131702, -174246.37663304346 745154.3188041641, -174252.3961308004 745144.3471109102, -174258.11161351905 745148.0560943766))"
J.Q. K. Owusu Complex,"POLYGON ((-174204.20214686642 744973.8592776635, -174189.731031047 744981.1556385808, -174174.0438550747 744981.3988506114, -174174.40867312058 744963.2795543333, -174203.95893483583 744963.157948318, -174204.20214686642 744973.8592776635))"
J.Q. K. Owusu Complex,"POLYGON ((-174173.13180996 744987.5399543835, -174166.07866107326 744987.6007573912, -174166.50428212676 744965.5900686238, -174173.55743101353 744965.5292656162, -174173.13180996 744987.5399543835))"
Faculty Of Resource Technology,"POLYGON ((-174152.3675828496 744904.9542692504, -174151.75955277318 744924.1680196661, -174150.72590164322 744929.4578813312, -174149.93546254383 744929.3362753158, -174149.8746595362 744930.1267144153, -174137.5012474805 744930.2787219342, -174137.56205048817 744929.0626617813, -174136.22438431997 744929.1538662928, -174135.43394522063 744923.2559745515, -174135.58595273987 744904.8022617315, -174152.3675828496 744904.9542692504))"
Biotechnology Lab,"POLYGON ((-174411.10338131385 744865.8693358992, -174403.21419107207 744866.0061426664, -174402.94057753767 744870.7487772626, -174396.6018639908 744870.6119704954, -174396.1914436892 744866.1429494336, -174388.66707149326 744866.0973471779, -174388.5758669818 744855.7912373822, -174396.3282504564 744855.7000328708, -174396.23704594493 744852.9638975268, -174403.94382716378 744852.7814885039, -174404.08063393098 744855.836839638, -174411.10338131385 744855.654430615, -174411.10338131385 744865.8693358992))"
Evans Anfom Auditorium,"POLYGON ((-174387.75502637855 744849.4069215797, -174387.3218049491 744868.0354430465, -174391.4716102208 744868.2634543251, -174391.3348034536 744875.5142129867, -174377.15250192067 744875.5598152424, -174377.12970079278 744867.7618295121, -174377.95054139596 744867.6706250006, -174378.40656395332 744848.9508990224, -174387.75502637855 744849.4069215797))"
Natu 1(Natural Resource),"POLYGON ((-174418.49094674256 744802.4822004305, -174411.0121768024 744802.6190071977, -174411.10338131388 744772.3391093911, -174404.2630429539 744771.837484578, -174404.2630429539 744784.4237071603, -174389.30550307353 744784.7885252062, -174389.30550307353 744750.6780379179, -174404.99267904565 744750.6780379179, -174404.81027002272 744765.2707597525, -174443.20736934975 744765.179555241, -174443.6633919071 744785.8829793438, -174431.07716932482 744786.4302064126, -174431.4419873707 744779.9546860985, -174433.90450918025 744779.5898680526, -174434.26932722612 744772.4759161583, -174418.39974223106 744772.7495296927, -174418.49094674256 744802.4822004305))"
L. I. Andoh Block,"POLYGON ((-174210.67291694498 744801.8295181461, -174197.49671517918 744801.8166925116, -174197.29150502838 744800.2263138429, -174194.26465530414 744800.1237087676, -174194.46986545494 744791.8126976603, -174192.21255379615 744791.8126976603, -174192.10994872075 744793.2491687159, -174178.87389399429 744793.2491687159, -174179.0791041451 744780.2183241402, -174180.46427266297 744780.179847237, -174180.3616675875 744776.6912746734, -174187.08230002614 744776.4091107161, -174186.9540436819 744773.0487944968, -174186.51797211147 744773.1000970345, -174186.6975309934 744762.4548204618, -174187.49272032775 744762.5317742684, -174187.49272032775 744761.1722570193, -174187.8774893605 744761.1979082882, -174200.4722623657 744761.1722570193, -174200.3696572903 744762.3009128488, -174207.26984861091 744762.3778666554, -174207.26984861091 744769.1498016316, -174219.2233398949 744769.2011041694, -174219.377247508 744782.3345538204, -174217.71846545572 744782.4029572039, -174217.92367560652 744785.7205213085, -174209.7494712664 744785.6863196167, -174209.475857732 744788.4566566525, -174210.70711863678 744788.5250600361, -174210.67291694498 744801.8295181461))"
Washroom,"POLYGON ((-174125.44230098033 744713.3454662495, -174124.31364515092 744706.6248338108, -174138.2166328675 744703.9571018504, -174139.24268362147 744710.5751292137, -174125.44230098033 744713.3454662495))"
College of Engineering Study Tent,"POLYGON ((-174178.74563764993 744592.5450908128, -174115.13049090258 744604.6524897099, -174114.61746552557 744598.496185186, -174177.30916659435 744585.4653406102, -174178.74563764993 744592.5450908128))"
,"POLYGON ((-174129.70041160914 744650.5169584134, -174112.6679690929 744653.2872954492, -174111.12889296192 744642.5137625323, -174127.44309995038 744638.9225848933, -174129.28999130754 744644.1554437387, -174129.70041160914 744650.5169584134))"
BT Offices,"POLYGON ((-174221.83976931754 744629.0724976546, -174192.05864618302 744634.9979407592, -174191.13520050445 744629.7650819138, -174192.26385633383 744628.9442413106, -174191.95604110762 744624.4296179931, -174220.22373938002 744619.2480616852, -174221.83976931754 744629.0724976546))"
Owusu-Addo Building,"POLYGON ((-174241.71950267634 744682.4014855933, -174208.98848362407 744688.5577901172, -174207.24419734225 744678.8103079543, -174208.16764302086 744678.5024927282, -174207.55201256846 744675.5269455416, -174214.4265526202 744673.8852643352, -174214.5291576956 744675.0139201646, -174239.05177071595 744670.7045069978, -174239.25698086675 744672.8592135812, -174239.87261131915 744672.8592135812, -174241.71950267634 744682.4014855933))"
Wascal Building,"POLYGON ((-174258.30168826145 744434.7635549991, -174275.0697098717 744431.5066892633, -174277.16571257298 744443.8892282986, -174268.00779307814 744445.5337842642, -174267.36286917006 744443.2765505859, -174267.16939199765 744443.3732891721, -174268.2980088368 744449.0163733679, -174259.14008934196 744450.3707135748, -174258.36618065226 744444.9211065515, -174257.56002576716 744444.9855989424, -174257.97922630742 744447.3718174023, -174249.07927637582 744448.9841271725, -174247.17675084696 744436.5370957464, -174258.30168826145 744434.7635549991))"
Transport Research and Education Center,"POLYGON ((-174296.384445034 744442.1479337469, -174287.5489874932 744444.0827054711, -174283.55045926306 744424.606003447, -174293.22431788436 744423.1226784583, -174296.384445034 744442.1479337469))"
Rabbit House,"POLYGON ((-174315.4097003226 744520.15148043, -174298.44820153996 744523.569577143, -174296.31995264324 744514.798611993, -174314.18434489725 744511.5739924526, -174315.4097003226 744520.15148043))"
Engineering Labs,"POLYGON ((-174449.52162700938 744430.8295191604, -174337.30486700236 744451.4025918283, -174332.91938442737 744428.9592398269, -174334.08024746194 744428.9592398269, -174334.08024746194 744424.9607115968, -174336.40197353103 744424.186802907, -174336.91791265752 744428.572285482, -174337.94979091044 744427.9273615739, -174337.5628365656 744422.510000746, -174345.172938681 744420.1882746769, -174347.2366951869 744426.7664985394, -174365.55253417653 744422.6389855276, -174364.5206559236 744416.0607616651, -174385.80314489047 744411.5462943085, -174386.64154597098 744419.3498735965, -174387.09299270666 744422.8969550909, -174395.09004916693 744421.4781224931, -174394.63860243125 744417.7375638263, -174445.52309877926 744407.6122584693, -174449.52162700938 744430.8295191604))"
,"POLYGON ((-174465.22552417126 744399.7119405952, -174453.48790904408 744402.807575354, -174452.19806122791 744394.4235645488, -174463.9356763551 744392.1018384797, -174465.22552417126 744399.7119405952))"
,"POLYGON ((-174454.9712340326 744610.5375661489, -174403.5063061673 744619.8244704254, -174401.44254966144 744607.4419313901, -174452.90747752672 744597.6390879871, -174454.9712340326 744610.5375661489))"
Coke Stand,"POLYGON ((-174353.20224133675 744665.4205907276, -174347.4624185548 744674.5785102224, -174337.98203710592 744667.8068091875, -174343.8508446695 744658.519904911, -174353.20224133675 744665.4205907276))"
New Engineering Block,"POLYGON ((-174159.54771483605 744473.9749286127, -174159.74119200846 744473.3300047044, -174163.48175067536 744493.0646762919, -174166.57738543418 744492.8067067286, -174168.41541857223 744501.835641442, -174160.28937733034 744503.3189664306, -174160.38611591654 744505.189245764, -174150.16407197338 744507.2207560745, -174149.90610241014 744505.7051848904, -174141.61883019126 744507.3819870516, -174140.45796715672 744498.7400066832, -174142.6507084442 744497.9660979935, -174138.9101497773 744478.1024416244, -174159.54771483605 744473.9749286127))"
